artist_name,artist_credit_appearances
Taylor Swift,2093
Sabrina Carpenter,965
Billie Eilish,888
Olivia Rodrigo,694
Chappell Roan,634
Benson Boone,538
Central Cee,534
Drake,518
The Killers,512
Dua Lipa,486
Chase & Status,482
Noah Kahan,459
RAYE,443
Teddy Swims,434
Arctic Monkeys,432
The Weeknd,421
D-Block Europe,410
Tate McRae,407
Dave,398
Charli xcx,374
Ariana Grande,368
cassö,349
Harry Styles,333
Hozier,333
Natasha Bedingfield,320
Vance Joy,315
Lord Huron,294
Post Malone,285
Ella Henderson,279
Michael Marcagi,278
SZA,268
Doja Cat,262
Dasha,255
Ice Spice,242
Jazzy,242
Kanye West,242
Coldplay,236
David Guetta,236
David Kushner,235
Beyoncé,232
Tyla,219
Clementine Douglas,218
Fred again..,218
Shaboozey,218
Myles Smith,212
Bou,208
Kenya Grace,208
Madonna,208
Kendrick Lamar,207
Rudimental,207
Calvin Harris,202
OneRepublic,197
Artemas,196
Flowdan,196
Sonny Fodera,193
The Goo Goo Dolls,193
Mitski,190
Gunna,188
"Tyler, The Creator",182
Eminem,179
Zach Bryan,179
Gracie Abrams,177
Mark Ambor,177
Travis Scott,176
Jack Harlow,175
Richy Mitch & The Coal Miners,175
Djo,173
Miley Cyrus,169
Peggy Gou,167
Tommy Richman,160
Becky Hill,158
The Kid LAROI,158
Lewis Capaldi,154
Fleetwood Mac,153
BL3SS,148
CamrinWatsin,148
bbyclose,148
Ty Dolla $ign,146
Hannah Laing,143
RoRo,143
Bruno Mars,142
Metro Boomin,137
J Hus,133
Ellie Goulding,132
D.O.D,131
Oasis,128
Jordan Adetunji,126
Stormzy,124
PinkPantheress,120
Lady Gaga,119
Rema,119
MK,116
Anne-Marie,115
Charlotte Plank,115
Vibe Chemistry,115
Sophie Ellis-Bextor,114
Obongjayar,113
Tom Odell,113
Morgan Wallen,104
¥$,103
Adam Port,102
Keinemusik,102
Robert Miles,102
Stryv,102
Switch Disco,102
The Blessed Madonna,102
Frank Ocean,101
Jorja Smith,101
Nicki Minaj,101
Aqua,100
Gigi Perez,99
Florence + The Machine,97
Future,97
Libianca,95
21 Savage,94
Billy Gillies,89
Hannah Boleyn,89
Lil Baby,88
Linkin Park,88
Playboi Carti,88
Troye Sivan,87
Joel Corry,85
Nathan Dawe,85
YG Marley,84
Bryson Tiller,82
Michael Bublé,82
Good Neighbours,80
*NSYNC,77
Mariah Carey,77
Kelly Clarkson,76
Wham!,76
Ava Max,75
Kygo,75
One Direction,74
Tears For Fears,74
Badger,72
Jung Kook,70
Sam Smith,70
Coi Leray,68
ANOTR,67
Abel Balder,67
Burna Boy,64
Flo Milli,64
Ndotz,64
Elton John,60
J. Cole,60
Ed Sheeran,59
Addison Rae,57
Brenda Lee,57
Bobby Helms,54
Lil Durk,53
Latto,52
Flatland Cavalry,51
Rachel Zegler,51
Bebe Rexha,50
Loreen,48
The Neighbourhood,48
Andy Williams,47
Kylie Minogue,47
Lay Bankz,47
Bakar,45
Sam Fender,45
The Last Dinner Party,45
The Pogues,45
Zara Larsson,44
JENNIE,43
Lily-Rose Depp,43
Jungle,42
Dean Martin,41
Mark Ronson,41
Hanumankind,40
Kalmi,40
FIFTY FIFTY,39
ROSÉ,39
Sia,39
Ryan Gosling,36
Shakin' Stevens,36
Marvin Gaye,35
Tammi Terrell,35
The Ronettes,35
The Cranberries,34
Band Aid,33
John Lennon,33
Chris Rea,32
Paul McCartney,32
Frank Sinatra,30
Justin Bieber,30
KSI,30
LF SYSTEM,30
Lana Del Rey,30
Trippie Redd,30
Nat King Cole,29
José Feliciano,28
Kings of Leon,28
Pozer,28
Wizzard,28
Darlene Love,27
Leona Lewis,27
Slade,27
Kali,26
The Jackson 5,26
Laufey,25
Shania Twain,24
Tom Grennan,24
JID,23
JADE,22
Lizzy McAlpine,22
Dominic Fike,21
Van Morrison,20
Crowded House,19
Nines,19
Bing Crosby,17
Burl Ives,17
Fred Astaire,17
Miguel,17
Oliver Anthony Music,17
Fredo,16
Glass Animals,16
ArrDee,15
Bad Bunny,15
Hedex,15
Jimin,15
Journey,15
Mae Stephens,15
Chuck Berry,14
Pretenders,14
venbee,14
Cher,13
The Beach Boys,13
The Beatles,13
goddard.,13
Elvis Presley,12
Jonas Brothers,12
Käärijä,12
Slay,12
Eartha Kitt,11
Jozzy,11
Lil Mabu,11
Mud,11
Two Door Cinema Club,11
Baddiel,10
Lightning Seeds,10
Skinner,10
Bring Me The Horizon,9
Byron Messia,9
Cynthia Erivo,9
Lizzo,9
Mason,9
Princess Superstar,9
Wicked Movie Cast,9
Alessandra,8
GRM Daily,8
Selena Gomez,8
Britney Spears,7
Clavish,7
Megan Thee Stallion,7
NewEra,7
Ocean Alley,7
Otis Redding,7
Quavo,7
WALK THE MOON,7
Anderson .Paak,6
BabyTron,6
Big Sean,6
Bill Withers,6
CHIKA,6
Lorde,6
Perrie,6
The Lightning Seeds,6
Tina Turner,6
Anitta,5
Eliza Rose,5
Interplanetary Criminal,5
Luke Combs,5
Lyrical Lemonade,5
Michael Jackson,5
Nemo,5
Rihanna,5
Various Artists,5
Alex Warren,4
Baby Sleeps,4
Background White Noise,4
Blake Shelton,4
Bruce Springsteen,4
Donny Hathaway,4
Dream Supplier,4
"Earth, Wind & Fire",4
Jona Lewie,4
Joost,4
Juliera,4
Perry Como,4
Stevie Wonder,4
XG,4
sped up + slowed,4
ABBA,3
Andrew Gold,3
Baby Lasagna,3
"Bobby ""Boris"" Pickett & The Crypt-Kickers",3
Busta Rhymes,3
Chris Brown,3
Eagles,3
Elesia Iimura,3
Flex (UK),3
Hotvibez,3
JVKE,3
Lil Uzi Vert,3
Mae Muller,3
Nate Dogg,3
O.T,3
Toploader,3
Whitney Houston,3
Atomic Kitten,2
BTS,2
Black Eyed Peas,2
Brett Eldredge,2
Fat Les,2
Flo Rida,2
Gala,2
Headie One,2
K-Trap,2
Lost Frequencies,2
Neil Diamond,2
New Order,2
Offset,2
Outkast,2
Paris Paloma,2
R3load,2
Ray Parker Jr.,2
Rockwell,2
Sinéad O'Connor,2
Skepta,2
Tems,2
The Verve,2
Tracy Chapman,2
Young Thug,2
a-ha,2
leftovermax,2
4batz,1
Arcane,1
BERKO CHAMP,1
Catfish and the Bottlemen,1
Declan McKenna,1
Fontaines D.C.,1
George Ezra,1
It's Nique,1
LEXMENDY,1
Liam Payne,1
Niall Horan,1
Noa Kirel,1
Pomme,1
Rick James,1
Stephen Sanchez,1
Stromae,1
The Adventures Of Stevie V,1
The Kooks,1
The Lumineers,1
Tiakola,1
blink-182,1
citosxd,1
